{
	"name": "ds_made_metadata",
	"properties": {
		"linkedServiceName": {
			"referenceName": "is_adls_made",
			"type": "LinkedServiceReference"
		},
		"annotations": [],
		"type": "Json",
		"typeProperties": {
			"location": {
				"type": "AzureBlobFSLocation",
				"fileName": "metadata.json",
				"fileSystem": "metadata"
			}
		},
		"schema": {
			"type": "object",
			"properties": {
				"TABLE_NAME": {
					"type": "string"
				},
				"WaterMark_Column": {
					"type": "string"
				},
				"MERGE_KEY": {
					"type": "array",
					"items": {
						"type": "string"
					}
				}
			}
		}
	}
}