{
	"name": "pl_made_onprem_migration",
	"properties": {
		"activities": [
			{
				"name": "ForEach1",
				"type": "ForEach",
				"dependsOn": [
					{
						"activity": "getmetadata",
						"dependencyConditions": [
							"Succeeded"
						]
					}
				],
				"userProperties": [],
				"typeProperties": {
					"items": {
						"value": "@activity('getmetadata').output.value",
						"type": "Expression"
					},
					"isSequential": true,
					"activities": [
						{
							"name": "Copyonpremcloud",
							"type": "Copy",
							"dependsOn": [
								{
									"activity": "GetOldWM",
									"dependencyConditions": [
										"Succeeded"
									]
								},
								{
									"activity": "GetNewWM",
									"dependencyConditions": [
										"Succeeded"
									]
								}
							],
							"policy": {
								"timeout": "0.12:00:00",
								"retry": 0,
								"retryIntervalInSeconds": 30,
								"secureOutput": false,
								"secureInput": false
							},
							"userProperties": [],
							"typeProperties": {
								"source": {
									"type": "SqlServerSource",
									"sqlReaderQuery": {
										"value": "select * From @{item().TABLE_NAME}\nWhere @{item().WaterMark_Column} between '@{activity('GetOldWM').output.firstRow.OldWM}' and '@{activity('GetNewWM').output.firstRow.NewWM}';",
										"type": "Expression"
									},
									"queryTimeout": "02:00:00",
									"isolationLevel": "ReadCommitted",
									"partitionOption": "None"
								},
								"sink": {
									"type": "SqlServerSink",
									"writeBehavior": "upsert",
									"upsertSettings": {
										"useTempDB": true,
										"keys": {
											"value": "@item().MERGE_KEY",
											"type": "Expression"
										}
									},
									"sqlWriterUseTableLock": false
								},
								"enableStaging": false,
								"enableSkipIncompatibleRow": false,
								"validateDataConsistency": true,
								"translator": {
									"type": "TabularTranslator",
									"typeConversion": true,
									"typeConversionSettings": {
										"allowDataTruncation": true,
										"treatBooleanAsNumber": false
									}
								}
							},
							"inputs": [
								{
									"referenceName": "ds_onprem_sqlserver",
									"type": "DatasetReference",
									"parameters": {
										"SOURCE_TABLE": {
											"value": "@item().TABLE_NAME",
											"type": "Expression"
										}
									}
								}
							],
							"outputs": [
								{
									"referenceName": "ds_azure_sqlserver",
									"type": "DatasetReference",
									"parameters": {
										"DESTINATION_TABLE": {
											"value": "@item().TABLE_NAME",
											"type": "Expression"
										}
									}
								}
							]
						},
						{
							"name": "GetOldWM",
							"type": "Lookup",
							"dependsOn": [],
							"policy": {
								"timeout": "0.12:00:00",
								"retry": 0,
								"retryIntervalInSeconds": 30,
								"secureOutput": false,
								"secureInput": false
							},
							"userProperties": [],
							"typeProperties": {
								"source": {
									"type": "SqlServerSource",
									"sqlReaderQuery": {
										"value": "SELECT watermarkvalue \"OLDWM\" from watermarktable\nwhere TableName ='@{item().TABLE_NAME}'",
										"type": "Expression"
									},
									"queryTimeout": "02:00:00",
									"partitionOption": "None"
								},
								"dataset": {
									"referenceName": "ds_azure_sqlserver",
									"type": "DatasetReference",
									"parameters": {
										"DESTINATION_TABLE": {
											"value": "@item().TABLE_NAME",
											"type": "Expression"
										}
									}
								},
								"firstRowOnly": true
							}
						},
						{
							"name": "GetNewWM",
							"type": "Lookup",
							"dependsOn": [],
							"policy": {
								"timeout": "0.12:00:00",
								"retry": 0,
								"retryIntervalInSeconds": 30,
								"secureOutput": false,
								"secureInput": false
							},
							"userProperties": [],
							"typeProperties": {
								"source": {
									"type": "SqlServerSource",
									"sqlReaderQuery": {
										"value": "Select max(@{item().WaterMark_Column}) \"NEWWM\" from @{item().TABLE_NAME}",
										"type": "Expression"
									},
									"queryTimeout": "02:00:00",
									"partitionOption": "None"
								},
								"dataset": {
									"referenceName": "ds_onprem_sqlserver",
									"type": "DatasetReference",
									"parameters": {
										"SOURCE_TABLE": {
											"value": "@{item().TABLE_NAME}",
											"type": "Expression"
										}
									}
								},
								"firstRowOnly": true
							}
						},
						{
							"name": "Stored procedure1",
							"type": "SqlServerStoredProcedure",
							"dependsOn": [
								{
									"activity": "Copyonpremcloud",
									"dependencyConditions": [
										"Succeeded"
									]
								}
							],
							"policy": {
								"timeout": "0.12:00:00",
								"retry": 0,
								"retryIntervalInSeconds": 30,
								"secureOutput": false,
								"secureInput": false
							},
							"userProperties": [],
							"typeProperties": {
								"storedProcedureName": "[dbo].[usp_write_watermark]",
								"storedProcedureParameters": {
									"lastModified": {
										"value": {
											"value": "@{activity('GetNewWM').output.firstRow.NewWM}",
											"type": "Expression"
										},
										"type": "DateTime"
									},
									"TableName": {
										"value": {
											"value": "@{item().TABLE_NAME}",
											"type": "Expression"
										},
										"type": "String"
									}
								}
							},
							"linkedServiceName": {
								"referenceName": "Azure_SqlServer",
								"type": "LinkedServiceReference"
							}
						}
					]
				}
			},
			{
				"name": "getmetadata",
				"type": "Lookup",
				"dependsOn": [],
				"policy": {
					"timeout": "0.12:00:00",
					"retry": 0,
					"retryIntervalInSeconds": 30,
					"secureOutput": false,
					"secureInput": false
				},
				"userProperties": [],
				"typeProperties": {
					"source": {
						"type": "JsonSource",
						"storeSettings": {
							"type": "AzureBlobFSReadSettings",
							"recursive": false,
							"enablePartitionDiscovery": false
						},
						"formatSettings": {
							"type": "JsonReadSettings"
						}
					},
					"dataset": {
						"referenceName": "ds_made_metadata",
						"type": "DatasetReference"
					},
					"firstRowOnly": false
				}
			}
		],
		"annotations": []
	}
}